# Redirect default Netlify subdomain to primary domain
http://odd-one-out-serek-eu.netlify.com/* http://odd-one-out.serek.eu/:splat 301!
https://odd-one-out-serek-eu.netlify.com/* https://odd-one-out.serek.eu/:splat 301!

# Old posturls
/external-graphics-card-experiment-part-1/ /projects/external-graphics-card-experiment-part-1
/egpu-rmbp-windows7-bios-nvidia-gtx-760-p4el/ /projects/egpu-rmbp-windows7-bios-nvidia-gtx-760-p4el
/keyz-keyholder/ /projects/keyz-keyholder
/windows-10-egpu-setup-optimus/ /projects/windows-10-egpu-setup-optimus
/using-google-adwords-to-increase-free-dropbox-space/ /projects/using-google-adwords-to-increase-free-dropbox-space
/thunderbolt-2-egpu-setup-using-akitio-thunder2/ /projects/hunderbolt-2-egpu-setup-using-akitio-thunder2
